0,1,2,3,4
6.433658544295078,5.509168303351839,5.044697884885776,7.708064662864441,5.924535683526583
5.2592196628192225,5.293990746037809,5.671261968134861,5.615090763565967,6.130928500753153
6.185903473182608,6.09410577556185,7.166309414019816,7.227191331197893,4.054708262992056
6.481270317011509,5.799781643859625,5.869308930462587,4.822563606931028,7.185931234685254
5.980495944697186,6.283567459439914,6.332584285954669,6.6639241159756235,5.7660015684708705
5.9762024582691895,6.075866902151711,6.530090409746342,5.8881697208048385,5.973526836566881
5.402579272106107,5.379206889146465,6.756742966806223,7.260796298169314,5.706367847765728
6.299528939832377,5.048405021856402,5.673763524518238,5.6437044728857435,7.21564822456406
6.257606223076583,4.888690091034736,4.262684798408284,5.167447740603721,6.137730654514321
6.258562453410412,6.594855046765659,4.535245917697237,6.45018449479305,6.02033787898853
6.377391957536446,6.525732838781236,7.866845822782684,6.854156724936898,6.076896286668339
6.334251945097757,5.239919370427467,5.164278149773868,4.504067144710054,4.909932490565405
6.507480676664031,5.276851289732855,6.379664427049181,7.039725901852607,6.168749737791324
6.4761687704025706,5.285134160819143,5.910684899140926,7.17154382030606,5.103642765343698
6.757670140666133,7.376971101210977,6.36518303194932,4.656708413527084,6.260673116166046
5.935304147009302,6.37308642475504,6.5870892182473355,5.3781542332379795,5.326956376170826
5.879942777059898,5.2299262503710695,6.1200215088461665,5.9095416764277715,8.100351963047707
5.182445950734572,5.376283240745273,6.338112822139758,6.69601983049951,7.824161042072091
7.29434886248142,6.656962538586324,6.233727346099177,6.715101274334465,5.513241955338244
5.74784410631499,4.817702938366111,5.81748426836319,6.76774780970135,5.83276126760302
5.382667489054385,5.7130614633967935,6.577487519157417,5.796016707506542,6.677848695683732
4.9541625602522785,5.305894387060102,5.59593025334259,4.955258016280949,8.347698113491681
5.1256809032385995,6.72965957474047,5.468788023511444,5.590232389411087,6.240317886678463
4.836770058450031,5.471437706041627,5.88318164021749,5.325265061761334,5.344029372162361
6.866711515856472,6.801520238590926,5.647672606342959,5.932874726575258,6.986573493603861
4.862321769582929,6.269587600985718,7.574805410186468,7.567199694905307,4.452837412471496
5.391772213099696,6.134513111424156,4.9457463085301105,5.4670445316144445,5.890504522856595
7.117614186257408,5.9637894306911505,6.173016364543195,6.408679954053717,6.433455594138251
6.022410529927894,5.045271607973425,6.629798007343148,6.3441313953295255,5.125292895946922
5.455835172771618,6.7078286638346984,6.48289882466974,5.425531387345951,5.784716215556934
5.885582704878711,6.492087034187886,6.996083895603352,6.052358025644886,6.932493359010419
6.696507824003307,6.164014822123887,4.848759976205162,5.180356407826156,6.5911712700561385
4.635779130830372,6.09489046179885,6.797930279925264,6.121562189746062,5.520359844477208
5.324788657107295,6.650916880340921,6.376206842208177,5.7723100101747224,6.849616537483111
6.681099945413171,7.426480487251214,6.45212239044889,5.86880383239871,5.8859585828394225
4.457097107989308,6.120157063537161,5.9874666599317505,4.939208757044005,5.9798320315714
7.071234387890892,5.414166673269685,5.234442768032771,6.881227751608888,6.5058339002697405
8.441355020338802,4.948383615604198,6.574539792711149,6.251936577612247,6.0472793723486955
6.7261726343109745,5.97629274944451,4.455656733803784,5.324195946090539,7.088194326947852
6.934743432626686,5.70242140703138,6.401640306712102,8.220310264831346,5.975127187839408
5.990761804543311,6.152010660568729,6.48408922036097,5.721736308572352,6.483414222669735
4.449393322658887,6.268292474846177,6.040379450621451,5.826568713126368,5.62096183482941
5.513998537684041,5.35118195445669,4.151240925594411,5.786243843137878,6.87437013493445
5.7324952900366934,6.506529560838786,5.138493371698889,4.958650072813969,5.401235157259115
5.182119770878607,5.056475054801873,6.358714130068494,7.418768634621189,5.468083988670538
4.650702214685463,6.52382410525835,4.854807371681379,5.056294802016213,6.394780312526879
5.868158476252238,5.451948258169105,6.054513060960981,5.673478858419005,7.5069954814819475
5.461016673734782,5.271514236748297,5.637091483297464,5.670804870155115,6.475051417164355
4.411663005284719,6.33977394231451,5.5683015921305,6.619549739211336,5.962002092298705
6.413681127076087,5.687840229729749,6.34934185065996,7.326927927324379,5.4104271684613945
5.91450779810508,5.612220813657378,7.270471458207666,5.653912921002618,5.4156464733229335
5.5387993028047235,5.8917595535370655,5.367145638116805,5.706145295195176,6.125375237054093
5.9079049917464905,6.663323342678591,5.74530059737062,5.836809541060501,6.216183396715462
7.790329765481247,5.37185361995556,7.5341731592596055,5.056049520469886,6.182613762423742
5.729324842039238,5.3497863821859655,6.55755622631985,6.4784433530572745,5.616183925929488
4.33010927615183,5.664994090437903,6.111021262435722,6.001446432889205,6.6028908825131465
7.542083363897184,6.3300829738873015,6.452819679866175,6.118181300642247,6.935067935790923
6.423814351958862,6.597443979080083,7.442720832517956,6.181029737564863,5.783895948104337
6.355934939609355,6.906202091392289,6.399909393490221,6.84590486013242,5.466463818087543
5.307665514024653,5.565309072304902,4.989208133758056,6.087968655392724,5.657036269343534
6.981146437454908,4.970193065466331,7.240117675861463,5.217450553926383,5.012457668552656
5.342305117026907,7.556229747778585,5.968030379810832,6.4222475793142495,5.853338434233476
5.92815841784117,5.596538911350508,6.040470488510542,6.394464675072091,7.338520789168138
4.505030494768005,7.284698440848021,6.421071135914698,5.706693371866875,5.563166977427127
6.832376191520674,6.1826202272737785,4.776517123194759,6.2895636158837975,6.91268549248031
6.6841839422919875,5.500053902391699,4.929691486337037,5.740022407505411,8.59519301665868
4.767796923840031,5.327882534015874,6.312670259711664,5.900685762094623,5.840327989474601
7.614802032304355,5.319488517258843,5.988610649329279,6.1610298642047105,5.358187900548886
4.8510175116636365,6.214792406386761,7.446477058095035,6.322672250604591,6.071836760055582
6.0659810788725625,5.793900747118504,6.943878024501533,5.59688805927461,4.917905252228212
4.738563003986163,6.0630130852090875,6.845947835224956,6.189404696913816,5.7468847510590475
6.3656266409601185,6.148512348939965,6.658922418073694,7.057943872468035,5.238832846227972
4.134071168583907,5.719634291636962,5.187031361586861,6.663522417063459,5.422312661375066
4.503985901911092,5.54204966145845,4.810086340154768,7.268219136798768,6.376154733079111
6.516455428428362,6.427504203684362,6.67007261584474,6.903888983807814,5.569529873980314
4.867519557996873,5.3245339375228,5.963911479928641,3.9548270367747502,6.911373014124661
4.487262556696468,6.477802680489804,5.865956320773065,6.227439580199921,5.6236237199731525
6.173231503144226,5.623657389982823,5.556421627741735,5.284415456366586,7.216914981546649
6.292626032418668,6.167082753561659,5.301701836392304,5.812698358570035,5.212642268996874
5.608275972244346,5.03567291794995,7.267410757748236,5.39633485580068,5.302087021871625
4.94276882146305,5.384930492687196,5.605301217602087,5.960537929684779,5.485327797789393
4.72344391505873,4.792061455239427,6.542057802593031,5.902070694244084,6.517520253782774
6.622302985204387,6.1204927642700175,5.017641764672566,6.151202123488535,7.116238490928039
5.6431569171281915,6.2716553048826675,5.989011488403377,7.094530286958956,5.459436454941729
6.919991254639632,5.700912903345606,5.446388762922689,6.087618130791596,6.273124113258663
7.524527031847295,6.254844955065042,6.154147562741916,7.272992610935194,6.4793663579305925
5.48616284844894,7.081444671192716,5.410122237491424,5.482197386426856,5.32326826699743
5.253304343714156,6.265720024708619,5.794311937372223,3.2260105365509935,5.786048676308514
5.586942712573253,6.712066607787484,5.550777044641155,8.025167243210452,7.114002922839614
5.68902970214622,6.916873824055993,6.418878918073517,6.186199008654556,6.640149677347252
6.043123846559852,6.191690378913341,6.656659025072014,7.636919290041172,6.200338788428352
5.638077652390894,4.381601162799396,7.564223829169224,5.7900534182891565,6.426533398612015
7.520042950417288,6.181522634851226,5.844742097889371,7.132250226874998,6.367457617022153
6.467444414606624,4.78521372989532,6.961769216284428,6.299547629575121,4.906098509349846
6.386883406684363,4.355047113552509,7.8678258981648135,5.121223431736262,7.285474016570797
5.3516330039688516,6.4468040868434855,5.272538505824043,6.795242252316191,5.812323187715098
6.373074296474621,6.012014491879714,4.910823627137983,6.402046890574321,5.5986464725821055
6.833681887138502,5.811891664127228,5.938777482710477,7.342206199062123,7.899457722708101
6.626895868812179,5.770993429053615,5.701191485121819,5.3470699118552885,5.50134567158963
5.781784467931783,7.566576178246187,5.842707239553915,5.022170024982883,6.033229841591507
6.14206507672619,6.028420811087271,6.637788126226518,6.055034861639101,6.613093220168757
5.377642630628277,7.420208274888285,6.201363484517382,6.319191833056556,5.374318040980761
6.3763023078958785,6.519252369937161,5.0670593893523215,4.676803139122621,6.2342112776088605
5.610185055114126,6.207298544843609,4.970343235871618,4.755429452030186,6.1648437316744165
5.721032414531266,4.316626399537423,7.071179043042087,4.957087276051831,8.05233726846812
5.502319834191451,6.320261814908501,7.3135126329507,7.179912153662967,7.584029161734037
4.785281227227514,5.0940984384465855,6.180242541003223,6.669734679829171,5.9910456312722
4.6936293442978965,6.396042428110341,5.845076167626082,5.835515564667393,4.183236619859853
6.636027934413492,6.115806479944298,7.431720902407465,5.940576949041602,6.451680599272955
6.663410752695622,4.607361094964834,8.086930691129647,5.656424552219544,6.394438125074034
6.510891687151148,5.350174632916308,7.473046210214824,6.212110759892152,5.829746395547995
6.110466054027203,6.60952398119314,6.008612000614937,6.703377014928426,4.65624204181008
5.403461780231963,4.2942148086293725,7.592699850192771,7.582319007421031,6.49975325011487
5.192393559175374,7.906030655457375,5.517953471809266,5.829958151188166,6.127234748910466
6.360103373012821,6.513460249911651,6.545488807249189,5.884735829293604,6.532839228588212
5.849098758108983,6.462019393341469,6.396611569832192,6.60840350682137,6.508805866654544
5.647141162229578,6.3658410803283445,6.521114378590331,4.970272798429756,5.781437844801772
6.484996969153468,7.363234241664442,6.657893358306673,7.413547633579438,5.682280096512639
6.199537672471217,6.642608537402785,4.144634505927967,7.204930511133111,4.515844375345465
6.795102559775402,6.547777877699944,4.134074008736977,4.174375248039619,7.142465907068345
6.968793059687424,5.297473377958243,5.296663671997555,6.408824500748338,5.989835992154511
6.840925509779442,6.382486402913556,7.262535107703821,6.773678728484051,6.574847490459933
5.7191653988216835,5.660788032531482,5.958719984741281,7.468231234637368,5.675978438836639
6.207783066514682,4.2096731840745765,6.538986513105577,7.800212659038806,5.255383473691906
8.531754063659056,6.1453447161650825,3.9479767327603232,5.692516680547155,7.061081945583662
7.594541416353525,6.5727144610326445,7.250223936613249,5.060665401357392,5.457462141903088
4.66055902792215,5.517436187134577,6.6076631441874225,6.169602111903993,6.69214691284413
5.253089813249177,5.301731155045578,6.163185437646597,5.519362469332035,7.038280674015912
5.499606468941072,5.604905783534184,6.334042437151462,5.689525932820237,5.015078759771873
5.123216471841221,6.428891468699639,4.916369160394783,7.114298690682146,5.449376892671816
6.491458603215226,5.497218832877008,5.2700556560996175,6.196278265851014,6.838842527814072
5.802713585126134,5.9477789957125715,6.6439500538007845,6.670356613703045,5.969301198646068
5.646305721934828,6.065921680777588,5.8477398789322,6.24961033985006,5.0475179966545936
6.221064224704412,5.427122147995272,6.722484311427818,5.463677982845562,5.477521799553232
6.355224708765376,6.011334592255396,7.8157275381583355,4.700561129479387,6.087612447429685
6.900944024349988,5.538769786565702,5.27379097679714,5.305448007765163,4.714391666079127
7.076447459844449,5.737116000694787,5.642679096729277,4.305940477414644,4.856555782831628
7.168711322531085,6.241739798276116,6.93033455607341,6.829438676773943,5.2019623127189325
7.937908015126239,7.554995557874559,5.550372027857628,3.1542028878180086,5.71565033207448
6.190051512649969,5.547219665307587,5.82332660535453,5.33910959461342,6.7350433060700166
6.050750244587133,6.758873367799039,6.97475970728525,4.265883490297749,5.385475414529219
5.50230981326164,8.050779992076038,6.118838185375889,6.6480520050283305,4.50006746896935
6.114220479749413,6.7802307069814045,6.687454208508111,6.497187850520341,6.010368462780819
6.049103621590486,4.649547437472553,5.281786312981982,6.184187732775135,5.428978516424409
6.549378113002094,6.372279149352475,7.090536557094817,6.764248618679968,6.181250743039248
6.596546549494754,6.801612180620146,5.595296951352698,5.737344371934363,5.922777072931418
5.620743949463893,6.810053999880877,5.499692876901772,6.998245853008221,5.707323098867286
6.376756629512848,6.132723234803144,5.2216141485797865,5.984137085734073,6.2660950586197055
5.948723818288623,4.929133800852075,7.35696296081321,6.069944107507647,5.36650955173331
7.292632170443646,6.492394912901419,5.0428128363298255,5.166970540196419,5.822630650838706
6.2371150959262796,6.496709637801786,6.757808182613529,6.430332188627733,7.074087810347347
6.101122995285008,5.394154939556742,5.997327537403603,5.944984958112226,3.9437623654578378
5.552285798472501,6.250590983659937,5.66166985104839,5.48462025543464,6.726861693355288
5.26901530531432,6.567549654173895,4.937078994046051,8.201826320229099,5.827981520652648
5.742182035626586,6.911644194368915,5.666064890650387,7.160367469918064,6.296362053465059
5.90557258476038,5.820548119764806,6.9631066665139825,6.1838234615679735,6.344784796719645
6.431472249373277,6.10602232222431,6.4146204481888445,5.905631984059477,5.960275475001611
5.107457737661704,6.237476599885711,4.6285921294780845,6.226149750583352,5.776196664307094
6.2987477270249,5.163514317732858,4.30972139447022,5.720169835090691,5.165839686084752
4.579929504598362,6.612499670770895,7.277056318349647,5.364396971529814,5.939569508140932
5.754527739960563,5.474500184499605,6.529358960054541,6.805631237501598,5.307248427864838
6.035703500895244,7.024470312604275,6.549535991566903,6.668099717107092,7.091027088078537
7.080547265507729,6.820386715783673,6.115593818692384,5.694953351833159,6.0825279660215
5.573787695430844,4.442807787493664,5.777087480237191,6.285142548390857,5.531627394463092
5.84624983267944,5.877149097461751,7.082151604452073,5.71333332288528,7.081973439700892
3.836672231301585,7.074972925697993,7.034737148018268,6.71958688712342,4.395408906406988
6.8126061774427855,5.960027802932988,3.9827446633850716,7.035352526581854,7.151790110609082
4.481069753693281,6.139905848353086,7.107461110524194,6.98110652825452,6.6667946279392725
3.888702031192188,6.581841717145005,5.8260527654449845,6.794239187941398,6.204299774677786
5.984143561146627,6.511148370348063,5.862891696554219,5.980637825682138,5.557184993358364
4.719617318038391,6.4528875555704985,5.3571561713500255,5.839859855420634,6.228874067976454
4.336949292297163,4.515494235772566,5.760945600333861,6.362533917390856,6.593402504711854
4.730858283925143,6.50774097560786,5.804546444619292,5.295644132878501,5.482752015584662
6.639515691631092,6.21853139225413,6.04012161441683,6.194198318816592,6.74019787286082
5.922558920990317,6.043321646945634,6.907740091646427,5.735545413282258,6.492993696659717
5.5982740239890605,5.668327918392821,5.917015846179937,6.410952250219059,6.952411449267594
6.076998997849923,4.803815589939794,6.5036055629868805,7.9570446168517766,6.086668064108065
4.637184353198609,6.135305472198052,5.997597319458536,5.93052695288282,6.7540050354349965
7.099233389808343,6.54518901700275,5.893880457725534,6.89777721993135,4.808606646085645
5.428914462710258,5.517783355515309,5.975315527803105,6.404142676265365,5.839922795681559
5.277397506250372,6.7774850077981,5.812213142496549,6.081452204596297,6.43950021568919
6.031006563544848,6.034511036672866,6.821846849614472,6.120723662868322,6.688117685101353
6.434395700387218,7.608554516152033,6.326524800148003,6.508811107413038,6.878618586175292
6.050737898288015,5.491284736056353,5.621848517024217,5.629535759217482,5.242070201118612
6.2534632838848925,5.49793349199099,6.155403501019464,5.873450310224634,5.966805069921905
6.4434790797729145,5.567812153758212,6.509543073054672,7.249995397288769,6.273644242836221
5.376245071157295,5.509496698263218,5.8019996645812535,5.525549415620967,5.209491095356551
6.123146440860983,5.823585619369893,6.151310560142656,6.946194960311563,5.811498454879086
5.0545765887833936,5.68186609029198,6.614447228811651,6.539753383125809,6.413637413661863
5.501769534097628,6.599674659813827,6.779119008558689,5.445371356170337,5.966846060241863
7.611357416773311,5.4099184596483365,4.640120084955794,7.102925733205317,6.906491164504848
5.635548915856534,5.9098841967982665,5.0230616413625135,6.070943261185148,6.929866306978618
5.5672493138192785,6.69952653194224,6.369839710301513,6.460833809011637,5.613742609551316
5.717171969930352,4.527119596560535,5.548056784184357,6.927929667366696,5.258817626130299
5.377675888330985,6.5105789041569055,6.321225026608766,6.550195596767648,5.072281616079126
8.044946435367722,5.030384422681244,6.123018863310636,5.873465421943176,5.053602379908321
5.704742071165718,6.018588813627063,5.48161842323127,6.747476126474868,5.871096520210349
4.9302757926761,4.862603583037288,6.483442716896665,4.814236389188648,6.25236339542002
6.354631624899718,5.206161310068685,6.710401911843986,4.629985742495685,6.236438743702611
5.967414041602902,5.9050939990052616,5.060576793144633,5.252684671857121,7.291064202170321
6.969138355273751,6.5918443592342175,6.749569263683992,6.674732169341337,5.742109520633446
6.037965878899174,4.825611270000457,5.928463881887625,6.943823735270444,5.473057567784799
6.815999092366027,6.073043563591624,4.895106384341629,5.116865087917163,6.733183556535907
6.4406617092691905,6.081161222725614,5.7814478483699645,6.1679370138150205,6.702074099951297
7.177056433487302,7.2152036474536025,6.296654010243168,5.8628770861307515,6.1166390729782085
6.416413429225748,6.413180657787767,7.043175569357991,7.687406137924038,5.83630060963069
7.719410889510763,6.934911190174478,5.919589331263509,7.195169877592179,7.344376981109718
5.632894596599482,7.381516126352256,6.857424764211148,7.889027721483593,5.661811002768141
5.7181269791645075,4.3836498316879755,6.4555517054861795,6.299279007229205,5.550988345620036
5.934720523132319,4.954244879111047,6.955811367268954,5.609443618420805,8.467637093410296
5.859950414134381,5.394171320635023,5.6711625637625405,4.873900425436807,6.384632564189956
5.665111939256444,6.902222729347785,5.780877062066228,7.104152096888859,6.6041035207247685
6.022807158718523,7.260303417649648,6.759494971283085,8.349731377702918,5.673441840934494
6.061104637588939,7.251112870156218,4.768962243217317,7.0503191029468555,6.3503628334972175
5.291613741139218,4.912917279510187,5.463660736967609,4.177758173850743,5.609571249892381
6.496515437582797,5.6201297641582775,7.107239058597518,7.323879569109009,7.017381310845137
6.183946040464405,4.145968349529069,5.43877100035826,5.886718169107128,5.287102124956197
5.888738386397083,7.284098018028212,4.687422470945885,7.444902293708125,6.7056073529599605
6.2139144343999115,5.430860120661599,5.302987031089236,4.703021466621875,7.369194268908478
7.226311316252273,4.878427556944056,5.5592554183199265,6.345451572996103,5.761128587350203
4.4697744034635125,5.475397947871116,7.556033721509643,5.529466712817275,5.869627772032435
5.086671776749915,6.468766246849087,6.091838509736395,5.408207359009389,4.959481238804427
7.120183717683383,4.719510115933719,6.401814674687559,4.28218871383647,6.5640317180121475
6.773855072692549,6.873137071347228,5.871429316469623,7.263310966778648,7.840563081478404
5.7434917234345475,5.640304101181188,6.1189752777871265,5.619029549679702,5.5024367004610095
5.571927941452786,7.36838917134869,6.615609071824194,5.61642478914772,4.041932253870142
4.7682231746695205,6.401506334210608,4.3079679377136895,6.233674933014749,5.150167124181232
6.073219051670088,6.050928145295879,6.096175656060475,5.685431621998067,5.659221345910366
5.425138656381194,6.3859249240118166,6.642175770842777,5.027817013475985,5.958824074000993
6.156782654052589,6.1465653796059545,6.133005940530552,5.679359956535483,6.222538758948275
6.492904464123256,6.112482795741506,6.403508768400684,6.7898494174860735,4.523795498464059
6.752452970435936,6.27310086265845,5.11343101584577,6.640005024353611,5.682321954880775
5.79107050592137,5.595103549923783,6.241176077456836,5.373647108980867,6.718964768947281
5.889251117445622,5.709532863497116,6.600450716658667,5.745139745308655,6.756211777371103
6.781267487920854,4.935436559994334,6.884682694886057,4.833963464391283,6.9343858327571635
7.61770205351074,6.697718070905357,4.279715214026512,6.848239380561277,7.791384404365893
5.758319239925274,5.972322610489395,5.052130749951067,6.248896751823045,7.012223361020302
6.556475353227596,8.505853727682329,6.026340486494103,4.6994678919581965,6.136356699330913
4.072775841568749,5.574826703456643,7.295514518818187,6.259308061258548,6.143092620798393
7.452150620062065,5.78418495415874,7.006356021012682,6.103127871196025,6.303104189155767
5.029147049335547,5.615546959446302,4.885419134386063,5.924037955828422,6.311362651444215
5.11469689413669,7.634308278609088,6.221801505130411,6.046094463954972,6.6138351418683206
5.338894222493872,6.1303803170195925,5.428268373436801,7.243114231051407,5.155689611274078
6.050377169082242,6.2626434949101695,6.314890503484233,5.536439963991294,5.2857927566517775
5.547956484750852,6.421362244834298,5.88527681421966,6.635010751257651,6.380430971109787
4.184064245937647,6.197390132130876,7.7948344173180395,7.056959037358537,6.336573636684563
5.155089236008775,6.380869617145051,6.589982376580185,5.797626114266898,6.252615407643151
7.20402070621994,5.316286798720311,5.155960572067894,6.552457489449495,6.364909920689322
6.820542767119725,6.45443505864021,5.547190931111033,6.344692218148762,5.089104985287217
5.800360066977462,6.401004000455974,5.712474414788452,7.968377709142492,4.490901722503287
5.5633529054019935,5.252080270278099,5.441441720255982,5.4871812762992365,4.9421224835692765
6.600312319788728,5.563667982424704,6.130456766636067,5.653207763082326,5.4489931724220275
7.333714576813055,6.736078089268724,4.510029872966292,4.425540522981558,6.8315253649003935
5.585394573374785,4.684785949815656,6.834018721070905,6.134883700065928,6.200638754404837
6.64564236897625,4.95523690446478,4.69880796184835,7.260879010446613,4.8537977290213465
5.025212816666883,5.184563833525494,7.658846284487905,6.393494391077165,6.769954359469881
6.1564520502259,5.519969075825593,6.503481935630144,4.758531849256377,5.126464364156375
6.584579213762616,4.917530609274735,5.849199400324719,5.8855427362314705,5.578369326818965
4.44389914385086,5.4984021735986754,5.342052256596027,6.128755230764779,6.088120954254171
6.301440511676109,5.460871888775483,6.4169378880792385,4.7590177427690445,4.546952657745647
4.1372803535388565,5.60178898822068,5.399212284164517,6.62951313065393,5.482663702860559
6.218029389076413,6.64863898089127,5.45263103446765,6.23770944988917,6.799080290011278
5.012511962362414,6.019820808074094,5.456048260881842,5.0632938310792985,4.77461368972282
5.050406581443728,6.04787571254571,4.715282301544039,5.560771524263701,6.648557496139495
6.3581055448981285,5.5768973658497805,7.347600739139218,7.50977791578629,6.020833762074245
4.03123090967296,6.706980542745216,4.170455257982909,7.177289978185797,6.864205538254662
7.41501073987501,6.207572970797443,5.71177931583302,5.641024997447522,5.564334031593237
6.78244442436667,6.568067131195905,6.095885110786286,5.424029362621293,8.096910095057872
6.727657974755399,4.725756063361719,5.58826363506494,6.74313149181231,5.3623333406490765
6.280374609106618,6.75830092126575,3.2975829461971284,5.913835290216572,5.945136342865684
5.67135450289112,6.240614839046066,6.524400151681428,6.113291734422965,5.701856583579639
6.504542680981349,6.039122202548348,5.816006503390188,4.953400779421688,4.753715635127456
4.9382870149214915,6.221979390815575,5.936931299436864,4.819409798913913,6.515147232049864
7.096070914011288,5.52267561330727,4.611492129404951,5.43444122492393,6.6814690804483075
6.437476141757845,5.264320280420898,7.213200170281458,7.075311310903052,5.415396154907687
5.407194270931969,5.527194236128171,5.595380302984528,6.758094921967427,6.3392182092909595
6.699508021419565,6.537197156142061,7.367409039019947,5.155094489153906,6.303352278400157
4.266284102402316,4.949671317872559,5.940301207004921,6.333537751060954,5.918797568992346
5.547639664175657,5.689422502847431,7.092188046666074,5.693717829803033,7.395095387984834
6.633262748450017,6.364905701647164,5.048055155035447,6.745892636668331,5.606196738598759
5.04738294777552,6.40901482696752,4.893053353254868,5.392079667584462,5.991932125752271
7.769286448703191,5.452155156403905,5.634552628568319,6.584076662115759,5.01240595807642
6.353157123720191,6.961778468081359,5.755078628398009,6.818402150564672,6.2324438422785295
5.417249724143033,5.8422422599951505,5.697127196790061,5.93010472209782,6.121799089490802
6.46911473300845,6.405684795096691,4.060603895187023,5.922392536480799,4.796171138749283
5.780095663508443,5.901272482395082,6.778520277125591,5.975981620418295,6.206737512597474
6.632496554578092,6.979185204420685,5.901891108140534,6.0751121532186225,6.00799401440849
5.567254001240371,5.386597547456081,4.1880733204079625,5.141316622443736,4.581465452760149
7.001074748393284,6.150269866029814,5.899558255353872,5.427774721664925,6.023750242546639
5.32369959557739,6.138787279416303,6.195983414712158,5.3130094691896765,5.297793734758709
6.767395347218779,5.957841914169221,5.377102634045218,5.704505297500003,5.194007773584723
5.94641820641093,6.663259324452241,5.977931453118456,7.885099276511604,6.336052368443938
6.183398557173874,5.275590005498017,5.809759322339033,5.378702972821441,4.272804836058964
6.777016002621697,5.592096196295143,5.393548253507472,6.167938653826495,6.40874042364328
5.744168281654335,5.997925058244286,6.5951165335870225,5.712730124706859,6.24112415543456
4.67668109111815,5.009994738347581,6.4829440032729275,4.968331379239655,6.186734758660867
5.88276215218173,5.709321690836844,5.339265328734979,6.7252377541112995,7.379662558318846
6.239416153992192,6.257200208612392,5.45581199143723,5.046061041155528,5.968306515166329
5.223392797313416,4.586267223724299,6.640782572974393,6.679639645605459,5.315039159787612
6.1945720334803775,6.7991000043460295,6.163517596385389,5.048407879764252,5.81425749158681
7.058187547854582,6.19701436717488,6.429981027884653,6.2724639880143735,5.31769291626517
5.504849249435425,6.270259529497909,6.651490359319311,6.877221479817406,5.315623940784247
6.3454322448969505,6.946718706395204,5.212759856649204,7.185744751391648,7.307125762727266
8.093619200067854,6.184179346165465,6.1885588424738165,6.659563575213279,6.636281926788909
6.89832599061882,6.625300164545667,5.915411068273705,6.974595233795812,5.145628765767644
6.004667490112069,7.247146373884084,5.002874673577574,5.459684040993384,6.535747340941053
6.314161731694769,5.302129622799246,5.668067391949288,5.058275546922862,6.781978935089291
5.795923617721592,7.429321377987256,6.064680930866772,5.824747662090496,5.74732102619702
5.805240134049854,6.088384587220135,8.003753042834552,5.729744846582483,5.755669945861481
6.052313911605811,6.869540786287367,4.866703728879739,6.362956020693317,5.3480682835813305
6.441258752894132,5.606205220777905,4.162379337918322,6.294754025124021,6.288028478831395
5.53815856114337,5.490893331137659,4.95412387994655,6.616580436516383,6.703605010203815
5.2989191314346895,5.569379058430619,5.949524205291072,7.8111126789942915,6.434758026774547
5.247585572309933,6.242277855380384,4.902029316694289,6.572628136307247,7.336321072873346
7.339706077824843,6.586109159785105,5.534703567129767,4.9624749274980005,4.883276287494639
3.7619212247122427,6.553379797679524,5.917984252044906,6.7251389770946375,7.138916496064607
6.079678965887824,6.1164106581775535,5.6296845655895185,5.723982800222535,6.580986069831476
5.860928417448607,5.745577672626639,5.98539151721005,6.706886431911376,5.447572632284918
5.946940647400169,6.195619619352429,6.925326842406037,5.809150533885365,5.427504992650183
5.613701325786582,6.8398585704624555,7.621648381046945,4.952221669261872,5.126449878404349
5.865377306561162,6.0884922562684585,6.627642057880831,5.289283118630225,5.152124843552482
6.110130440557222,5.79391431779914,6.739099832548797,6.388690393112074,6.442938903751885
5.916671634939416,7.878676515207486,5.331859972523581,6.4871470992163855,4.987367655323183
5.143863381997759,5.515615777104182,7.299455400447421,6.210467152280079,5.529068357537658
6.298629065790782,6.028031946333112,5.607630089721095,4.886128450819467,7.147299469823272
6.167338977068832,7.733649795028564,6.749946913855428,6.439701180000883,5.652905839860322
5.126414827357449,5.826350180299065,5.103328326312242,6.5185547782757975,7.302110549518189
5.791911251972472,6.753272151183401,5.450310188708347,5.7587696944299385,5.35003118956616
4.298734707839631,5.970863082985901,6.102445782471099,6.850069964530187,6.634396199896749
6.645174711328805,5.2231642413045085,6.3664688539378504,7.262186718217169,6.302960940266698
7.4583820119174025,7.610212262632125,5.785885013834401,5.444160594046831,5.39270119021071
4.7908165095490896,5.58655140320314,6.9631651099265035,4.242185289081941,5.172586316066453
5.8986072103010185,5.300407095066577,5.579466793101236,5.591395061204105,5.7946006036553115
5.418228522885416,5.3530225904411575,6.745152185414644,6.837144328181061,4.898957336941363
3.7991024476521735,6.8480871536788515,5.019978843932824,6.169673153904279,4.75130937794202
7.035015387156756,8.028684490799263,6.1457963683863115,5.924949092676139,5.74307984101703
6.623518557869772,6.45275458694135,6.800333153956176,5.499209581068234,6.271258491450013
5.5673583978028445,5.156426302789402,5.967288438625568,5.264256441598473,6.936097735538118
5.312581447281559,6.28994351539671,5.518744777509103,6.220969453531644,5.582090207701888
4.997319964735759,6.385829556780297,5.812245921745769,6.228085283820837,5.6579793242233904
4.9409135464483445,6.863881493599323,6.587595980866927,5.547824250124075,6.055651922354589
6.831055330968325,5.635492280506674,5.759234130043504,6.1943073917521065,5.633855141931835
6.683567711291031,5.865294367190582,5.3746976864517295,6.485415630296822,5.089101710467906
7.606952265799654,7.262108876505212,6.409534716402806,6.342409945494,6.305013470666665
5.609925883580469,6.237117222838656,5.263762060587364,6.40181684627798,6.6921452430827015
5.698460081731412,5.525380737603962,5.032997452262898,7.162781971686489,5.5887357662330865
5.841497075609579,6.239386981780272,6.225072726425225,6.5954137685801415,5.697468082726687
5.091863371309924,4.9522954457475485,5.538019051444096,5.24085832938367,5.757852625988187
7.042850310288667,5.699104412802253,5.698807204060898,5.986921271004106,5.676496632963573
5.9462525925771095,6.431366455198545,6.705626998843675,6.800105651777472,7.64042806365192
6.454088633297454,7.7820929770583,5.380722379557478,7.667889607455415,5.696633745587598
5.77507777960812,5.904396490485817,5.825640585032957,6.068461406398523,5.537402734432796
6.661930510492351,5.559090295247244,6.5228774752392376,7.218425258611909,5.715195509368668
6.633554923887354,6.44595356940249,7.796774133103777,5.59737592345522,6.63410379203508
4.703186257196659,5.604531602041194,6.281845979232052,7.111104962921974,5.022265442398883
6.62694107755954,5.949576575676953,4.786516290723054,6.144823315492527,7.363129554775162
5.106414765268202,5.9123199461150735,5.213112997237813,5.626284968892761,7.142217253958684
5.783447558810945,7.117808924578939,6.884518277976789,5.710700921032164,5.599155324993763
5.285402435389957,5.2575822319709715,6.281698080396906,5.984220360607485,5.502647858804286
4.764794993151418,6.084682131630066,5.625511952624693,5.844241692538536,6.2429809048421685
4.004704673393246,4.777147592880885,7.831512070629713,5.595956343312011,3.992238884293052
4.843610378459946,7.981469525943072,5.439329305781234,6.924364480231823,6.096596810156387
5.613217940384312,6.618451096899636,4.098373055396212,4.850634785897853,5.607328903194556
4.928976015136313,5.536804747854462,6.680872852375429,6.105384715408216,7.061224284867427
6.155820187840558,6.791530175891935,5.9489011814664865,5.529229927930871,7.180816669266725
5.434262652629303,6.274231027250982,6.613228699655004,6.671126604944782,5.0705093717783605
6.838975668693109,5.219241109017114,6.646571014746343,6.426823848588857,6.652893143131309
5.038957892605584,6.468899243084355,6.865807623199155,6.154241450548988,5.34711800825456
6.733538259488719,6.090855800457495,4.664558720495876,5.285250379431305,5.580257487597033
7.200954814792893,7.060878191723621,7.058314445728477,6.185317309891664,6.728631119015535
5.090179383048005,6.005425763412075,6.360196493837376,5.142721795260436,6.16741391495105
7.3451672540019075,6.445642922945731,6.731781744702192,4.0441000572891195,7.2425471293886226
5.851559426852296,5.386939621117995,5.860718806048654,4.815630992331023,6.835778841986274
5.732507493478843,5.41091017598973,5.865968860953909,6.891665544507154,6.104843725606925
4.875708620488018,6.370842199784452,5.259098552496251,4.2804167434649,7.1931300607949105
6.364660480051805,5.937575781006691,5.7243615553614795,7.114230957896051,8.462138939390186
6.357921755222224,5.178822080081339,5.876807108715119,6.34340021496228,4.126150176329041
6.266777492488484,6.348067801316774,7.057814918181494,6.974695868886097,6.088664576773021
7.207988042482842,7.623540966852787,6.0222924871027566,6.333522171627523,4.590504390330008
4.842786450418398,5.3315024081496105,5.646195332389597,5.125794768884128,5.971292111618406
5.670049154721324,6.854084981416976,5.621347608698402,4.1762441374733115,6.100291965745075
5.988676465203466,5.312478162762151,6.075766490835601,5.142430268640931,6.263061541798601
8.09987041960633,4.559952018046754,5.588274743983754,5.460458084813212,5.654456618436628
6.813433695583938,6.432927515466358,6.676927771635641,6.024321475946995,4.945568959445295
5.110990507571338,6.59517419606635,6.136245782511545,7.005069578707503,6.233889133756365
5.056494688717459,5.583760868268592,6.450463563959047,6.5665207007140385,6.681985892578618
5.163756946959354,5.0421268140377675,5.848624331487044,7.14852053367441,5.446610186935079
6.362859640567347,6.362930819953402,6.606748971094174,7.32746265158426,7.245687515204148
5.5257762872751215,4.326838203618214,5.458843687200915,6.060351907416998,5.711572345050683
7.5694840007819995,6.014978099998685,6.521363325525543,6.173237749304926,5.7235451354938585
4.464879945214198,5.937299053737726,8.595721123358715,5.007490930770028,4.552560731417657
7.544353708095011,6.591843068287702,6.149475411309649,7.086790982308593,5.336841456834708
5.914986095996476,6.76177646730493,7.683098325845017,5.068035677010225,7.021440785455081
6.3045330650830245,6.130048210758274,5.9938356129968495,4.8956847983852985,6.768104876247051
5.376106829000713,5.138900252241055,6.706191582823528,6.62936830744852,6.0630059626453745
6.860982443788027,7.137245720266123,7.043364938511456,5.578674809657527,6.808792275882513
6.168792777344267,7.376485638212118,5.901321333134232,5.7156985456023035,5.510470605517249
6.150965232545109,6.372233623467145,6.387575810627233,6.278480110729893,6.535180863386421
5.8225133194834715,5.30413152912156,5.234495912469415,6.7776451628896695,6.375102260325738
4.519889601028241,6.8747080038592205,7.499727863258933,5.429025536502468,6.2681020873700675
5.622396817851296,6.501101782005244,5.070057787901363,5.943019017239246,6.782640200692293
6.98553323145865,6.34014874930461,5.729596796197171,4.729832174315753,5.395821540603117
5.625734287117801,5.44352731443234,6.047496052225234,5.72732983372307,6.137274193394892
6.959146969757214,5.67582890603489,4.897104140530284,5.440358026288967,6.465436891439676
6.540689311174487,6.323870400948054,7.037393916058461,5.851367440609867,7.636690719216815
6.652539412340525,3.987410265706037,7.436102662056797,5.388295208070551,5.1752598486448
6.417729975367225,4.613726354390582,5.44533339198237,7.24185302092514,6.443607429297836
6.647796140936967,5.476085557579095,4.773083796126805,6.563717283739747,6.741919273394324
6.705820268486679,6.166741698248772,5.228721504603606,7.944226038538197,6.382651110335633
5.86131792849188,5.8648569490163265,6.1193104194895405,6.853058568171859,6.151236579853731
6.684701144659314,6.120746164206082,5.910392941811342,6.511424754020423,6.481146545227262
5.864709497983446,5.402475245168102,6.2725434993585925,6.06248643146095,5.557465956872557
5.328149403025102,6.3273721305735595,6.438724454838917,5.712858911912557,5.537475284187135
5.337835796679072,6.304864745907715,5.358793723321417,7.787401158132514,5.672782918102386
4.065787361049403,5.975936798878049,5.941752660364516,6.886643346891221,6.229793059432612
5.33498059725027,5.771590169798883,6.261131342639624,4.273547331108525,7.067608376321786
5.337106286687069,7.130153361470399,6.313007820892622,6.502128388049339,6.916714600315606
6.457097449169711,6.536655682778901,5.868870820985502,6.296820521837089,5.531445237873576
5.726114885913655,7.5669287568266315,5.355430874217607,6.123074542101188,6.090496434458214
5.752159950395767,6.410256859396088,6.4703287192624295,5.261619403379979,6.080836334465167
5.136765519755533,6.62890142033729,6.140756216649537,6.06566162376021,6.525605830414224
5.780268700029101,6.728971803410729,5.243574443309798,7.126032215956969,5.560624649970499
4.6472242801002555,5.7379792878167795,5.647511363864646,5.731966549279876,6.184749250169341
6.875576475604523,5.847106292831707,5.448405257601618,5.101530490493307,5.626604098222824
4.494378539035335,5.421675186725761,6.9921864599210375,5.3433356407216595,6.501427925509078
5.021827810763557,7.41252511355205,7.465570362562904,6.471365097517547,7.588109547507983
6.283760191927696,6.612925434672043,7.006446513268581,6.143333191878038,4.761912242552944
6.6292321908569125,5.623671689676877,5.682952879229169,6.2375840014588935,6.451633344211632
6.119738824436487,6.507021633102171,5.436251050018167,5.965941888006126,6.677182146252154
7.413877169934804,7.695923790995591,6.345317516783511,6.669943946214638,7.580394565806714
5.464979423570088,6.502212701357842,6.612786530866182,7.154731734288393,5.0930808668847725
5.250783505313958,6.017053232510123,6.30125404802773,6.895532271498551,6.412763408792241
5.8792414402076885,6.332145904562941,6.2400959107857,7.391725615692641,6.132120128653758
5.694474510138675,6.3585825287628195,6.15830057443316,4.747065266777642,5.987516808023335
5.919656918867835,5.5662388076971165,6.825922188353365,5.373386747802926,6.363375434684737
5.882077686716438,6.085891396473465,6.328417268508818,4.9571532203296425,6.152857800058454
7.825534017712103,4.758414311293352,5.9540551725514,6.895831646078861,6.240554315907449
6.548683217851752,4.10530423373086,6.477129593129637,5.392520912944243,6.247140455106581
5.9765245367930175,7.817068529139891,6.436013021418758,5.910177654818121,4.795955127543654
6.09661986195023,6.6565604185063245,5.935756403601254,5.59671731637062,5.543337521879671
6.426798298825709,6.605644525302262,7.0856235811175665,5.206444813243398,6.4194897129618385
5.902935864680873,5.926439256946096,6.320473391823942,6.325123386128293,6.421715294449439
5.156621266857503,5.4019931707465885,7.185043822537237,5.824083975466199,6.244059637017429
6.841141720647789,6.369615772170331,6.435875291492153,6.713464154282561,4.311869661955393
5.609243689840633,6.373733266600303,7.106705985350362,6.052714050066064,5.326302310041036
5.347541208484952,6.704917304171845,5.8263162066399214,5.994257653974844,6.490513017750403
3.6859101356588604,7.595379079946326,5.416937189978011,6.192954654740073,4.6404308521644655
5.663005300736327,6.992692222207247,4.471774304205726,6.898192981339082,5.781715597918838
6.388534582745305,6.5244039846644375,6.3520526211683155,5.310164673811646,5.7092563848151086
4.834346120931361,6.392228715221663,7.357462151334715,4.544929965890122,5.392554649088803
5.855026403534983,6.138247236815113,6.701180893422745,5.878613973065478,5.748009333585981
6.879794158216098,6.527969921843902,6.429858104592536,6.089736116688689,6.784106150835266
5.476565047813792,5.367792234518287,6.595047609567128,4.7039639593315075,6.073517121442795
5.747531106221002,4.87885017332214,5.2572740729069904,5.913086881854411,6.824630143891963
5.479237933357988,6.967723825880879,6.050388149852947,7.045088129304595,5.517891956801613
5.961072255315027,6.293881513614409,5.856832689372472,6.7600777248641375,4.239373032847698
7.931972548793301,6.684112122115784,5.8616009067560935,5.559499722747482,5.308992317668051
6.514906093632518,6.793540651999833,5.870378426328451,6.882872440392518,5.27642111244718
5.135614257509971,7.44621756102827,6.471434529200341,7.114046487064547,5.318946374373923
5.263448800607501,5.713993652243916,5.342777650170393,6.562559076592895,5.400944681050333
5.065542921782908,6.113263396070225,4.97118057232395,4.564850161343861,6.106278372314456
4.604921822221852,6.61831864537265,4.887161372297527,4.212966335799367,5.76568454211718
6.11532033204265,6.391972490256218,6.137189914379954,5.155152648135013,6.568696944050289
6.76575173225738,5.038352870628618,5.855639823533374,5.781122281065469,6.175763785785755
5.836564467029753,5.9458645589195,6.511875475002243,5.1116542720205835,6.588086772726412
6.91010240710941,7.303292903639939,4.290572422368866,5.854128066082643,4.432747818449279
4.057932031663682,6.114920399574662,5.681659286919506,6.239144023688125,6.387707729947703
6.995250669720203,6.043003857051146,8.331501770691306,6.2443750309483175,7.469456240431522
4.139461572709435,7.0764752958811314,5.8558357390621305,4.4461093072754245,6.335402802523258
5.758379935350139,6.462617400305312,6.80637693789935,4.812338767994692,6.809441516688435
6.005167667198704,7.078948991212378,5.836385468695953,5.624828686804876,6.021576760417704
6.081238292009881,5.471400629772715,5.604175642481059,5.0215140216981276,5.653351856864594
6.539386345294092,5.890454141885174,6.8047729501465914,5.852112028516065,4.858302860351568
6.476352397798487,5.462756588082049,5.813879555484056,6.987016907205216,5.074155906195893
6.131390252321013,5.967684874089806,6.5590183886568525,6.682021569330113,6.210422947498891
5.712585727977567,6.377534920758372,7.065242993626158,5.978235100028518,5.7868517602464
6.309582466710835,6.030886463497777,4.9331192304975175,6.190876601396657,4.925899085923466
6.298664413257942,5.364244410622883,6.029409241470664,6.3115154305995445,7.957093403990155
6.592375023013868,7.088485719185192,7.492799345970278,6.390202625382779,6.227849896620605
5.14924406071988,5.906982615356083,5.42330645234423,5.680138326765067,7.491934456458589
6.091415580805787,5.301432434598678,7.096249516993817,6.761873256592747,6.8036469762086655
4.400024925787191,7.554148856028984,5.554560484384969,6.620452373135308,8.012838823245938
7.71897051766962,5.2203521826090755,4.847935328475818,7.140762898690552,6.113295616279533
5.6005255192410806,6.495448495418742,5.870096535294465,6.55933614701903,6.05342087107305
6.576135426030622,5.286571727262048,7.136069688622742,6.556384626797453,6.515449934394036
5.108610188086996,7.355529914134928,5.9890608211433545,6.5806502643224905,5.742533612951977
6.208070243885732,6.236971835887182,3.7509838617504316,6.464527417028355,7.567444299582087
6.430497960004636,5.236186502639795,6.518372288814726,6.844981266554708,6.408714075988339
5.9408804461304765,5.8068755831704895,5.8035573820119435,6.55650707379456,4.877758126097441
5.703415168558223,7.272567424107679,7.303340974018815,4.8211141565759075,5.097649009098499
5.784168454697442,6.711878509519513,4.542510645258103,5.956287757602182,5.621821739154604
7.0575138268006015,4.662593406979326,6.073805118886668,5.686079553680627,7.172227825747152
6.476653676677493,5.53278682936609,6.6806123729587075,5.689892274954841,6.797008402760327
5.81092090857328,6.841141933372903,6.347794105008037,8.600381795125786,5.957813161847545
6.3053491356159235,5.61763815951718,6.002141674686304,3.845170337106537,6.3713232671865185
7.070999910773258,6.316329478546557,4.952139008484182,5.360540279402302,4.061817312263566
6.780733976344638,5.197262382217874,5.977103665213593,5.877387677373508,7.186526263651614
6.068015517053772,6.645126875551442,6.435828342669213,7.084189044247925,5.809288574457057
7.4910985949702535,4.416349072889959,6.6838719747493975,5.308833608834362,5.607011049901833
6.454132355185082,6.447742267665026,6.4836524093540975,4.894479452998269,7.155663898705219
5.281695207221638,5.3880555622824975,6.508750069865973,5.771327537884845,6.245851271514256
4.280018238942628,6.22676097070696,6.17373028781955,5.593365898915283,4.345835264074186
5.830276263509427,5.970192740225719,5.7071190941901495,4.535571933240018,7.2718689234431215
5.4904804688131525,5.822782229438198,4.078340653092533,7.271965698410787,5.627906373925383
6.078528329224032,6.893836289225177,5.460618324544168,6.768229284318412,4.35600433897767
6.4394355445995615,7.253930713553688,5.537092614045733,6.892356189395802,7.46263214970127
5.796752679301446,5.730806682753488,5.283572122871037,5.593468289540919,5.349715437745942
5.282920249041164,6.956122683292649,5.37000003839297,6.206182340034315,6.030492808120285
7.194794812032047,5.598711275829504,6.303981951564632,6.6309120931679235,7.188139351496315
5.587069450735721,5.507204194928734,5.153183966833094,7.783545079125712,7.104176283572055
5.9663425739307065,7.540405749528665,5.918759564205892,6.577748491099927,6.008112528881988
6.317266948178355,6.2326922923288555,5.6610558959452755,6.8713145472050305,6.571002829649423
6.819630615681282,6.255394945996994,5.276971548689936,7.363308869219694,5.790600117261862
6.290359105381783,6.506743946710426,6.28505918312091,6.73008442533469,6.856065034194131
5.820685616433448,7.29638007894707,5.787132942210612,6.268571842266726,5.690809983507731
5.462875915173806,6.832787279807105,8.489846976242863,5.71148093814279,6.969271198664437
5.740071718217548,5.991637780241102,7.401748611362723,5.1438094622411885,4.932760619516207
5.9304553292152615,6.529294210769211,6.369794022485615,6.287657147080479,6.027221722482202
6.627299482405883,3.676220977839104,5.401200494429815,5.925340079492896,6.56189678802319
7.188151739530538,5.294094935079259,7.162082839100637,5.639062614606693,5.896391363659219
6.4637174276995175,5.837910490271913,6.885366511786788,5.6773108016104326,5.689329099567708
6.8389992347972015,5.391375496035124,6.198531654195264,4.67569369357782,7.4512406038513
6.962277035028275,8.193328710139465,7.067402607883157,5.0990553817770845,6.533277006636156
5.267848549813757,7.258552746752604,5.12179328577423,5.0834995812583665,4.716106164936931
5.610496098627639,5.450111796248215,4.993780603759411,7.586958296280065,6.422602633275785
6.328774766204275,7.267426937538999,6.20437660487213,5.40289535588847,4.644009643663601
5.357932122716532,7.20063365449551,4.998815484782137,6.281634152134531,6.824599746806349
6.2275747763322675,6.31820635575108,6.522872302870328,6.302492799372389,7.2833058215939985
5.170322627863358,6.191749174389509,4.549875093439869,4.34609827188123,5.934863842114354
6.433368564415027,7.300527649634784,7.929887926324864,7.052645621521897,6.579945939729648
6.1275788488665155,4.778779796924519,5.883529529265756,7.029130928373489,6.716418394498957
4.974093222554172,6.489711848723316,6.4214159814124585,6.279052411469193,5.97778399716371
6.530831825002954,6.55613712383078,5.488409060270159,6.362893273578082,5.848949233751653
4.813867058957965,5.552094247833943,4.752890257827072,6.781666725362216,6.283837077166501
5.7164809561380405,7.132926835025138,6.054225671511622,4.858538328343845,5.649496972400828
7.302271405625179,5.466064410336283,6.219500808683442,6.5932735849709125,6.4705092764656165
7.953549484255109,5.061847587019996,5.141474419507101,5.075045974233727,5.76399233863523
6.876800725857634,5.177147321582103,6.887952863362749,6.028015029252621,5.115527464878439
4.603207173741596,4.781696865727749,5.46895328398605,5.865094666066752,7.07354308696358
6.637307199513412,5.330908288015612,6.325928130726722,7.317179144469454,7.494529697097719
5.7492476904587315,6.764276216500529,7.108549154910126,4.798045356975114,5.591333321218304
7.770560372337604,5.759910761581389,3.6640353802279315,5.9035277564481525,6.896937179664045
6.005192353211951,6.570533498823502,6.748272374348327,5.716922124836139,5.5857617662608225
6.122375774269319,6.141786333194292,6.0431285884206565,6.075891417319406,5.403002279991894
6.598386063268094,6.477913236922548,4.934475896803296,5.689626323257809,6.07423519956168
5.5738624122464016,6.508331550746382,5.9466583005101,6.134842610137705,5.6804171020472545
4.410322306111059,4.3647590755172185,6.470238958950067,6.212873854712418,6.349851966275944
6.10724787211044,6.171126727769357,6.772837795733308,6.354603062280945,6.830169952293882
6.1367481889844155,5.760432649467586,6.154885130740898,5.333112194852159,5.697055745765909
6.141620751873456,6.131050933220224,5.915126368584096,4.892863019933957,6.507563970518742
6.665333015123057,7.310913827057246,6.352335347842533,6.00116587560737,5.192065419127964
7.189948387979057,6.1976574526185715,6.154223418631398,5.7973792608740835,5.746405602254887
6.54892230683145,5.1853571949044905,7.296351779891275,7.122562855029956,5.717620696379267
5.311030873890895,4.392786596908396,5.001943642340599,6.582135792177419,6.2514986880296854
6.393709938948421,4.528070905155149,5.684320028097386,7.090458837774984,5.923414016341165
4.98529025718144,5.910992343718989,5.385080465235713,6.266123394121567,6.016385822844283
6.433302444223391,5.028653552942105,5.642129247573163,6.869668261614416,4.9199034403402875
5.199975046572086,6.158948171884281,6.228679372284841,5.610121236292777,5.777937807140107
6.425270307033311,6.677620437044564,5.147249759449133,6.290560478653104,7.205897756825026
5.907571099228653,5.138781855958879,5.101893295554801,5.871804980955865,6.8261327534552425
5.967495457781299,6.150920638463649,5.2053746788657556,6.784078573439078,5.086288041230756
5.597642367073515,6.502384180544053,4.373465711333082,6.13874149491798,5.171294164292385
6.013198857036715,5.719220519084527,7.67949379644273,5.68646895256746,7.4695936796714895
6.468119683454846,5.360802018638284,6.263835933417663,5.757220141676376,6.1931310084563425
5.430641249589872,7.347989318023094,6.738044757368776,6.0253471667986975,7.379043356750315
6.059240890187556,6.875403092927732,6.030546364971136,6.3141422888524215,5.935049071400639
6.076006926420444,6.136006489288677,5.46586007392183,5.680130497446108,5.82712855673468
6.183204410455205,5.975611917449948,6.935543870711582,6.675613274343043,5.843420334564555
7.102032056769193,7.493814462577186,4.369960672124332,6.743541419063941,5.447315313413295
6.638630968648606,6.987547985626819,5.300560706719749,4.52268951280882,6.666294598040536
6.10798930030827,4.669348372819133,8.017436431142446,6.498001323104601,6.534433587496576
7.089298369885067,5.5367679298068335,6.104042762203403,4.947784060253929,5.515134979495133
6.307580428686754,4.6718638926026355,5.492531735231963,5.259932777982226,6.113324673981728
6.458348960780926,6.591898764309097,6.796599210202083,7.094322168136573,6.4843043528879605
7.505231510012795,6.095308397746763,5.861768928952955,6.484353728516379,5.827402785106479
7.47750000713917,6.902007937253817,6.598379072100833,6.1048125761779515,5.675019439632431
6.5593368389027376,5.101091331771419,7.223720875389972,5.858327091410938,6.243335735339979
5.274554040841522,6.576612623747022,5.63812155883414,6.517787868575584,6.60405384947666
5.48348554974199,5.103937229081801,7.221756035011878,5.846633254030109,6.179326596341025
6.387178827001446,5.000120253773911,6.368996132678419,6.079057673721878,5.48675660521659
5.077612836241176,6.48321976961329,6.899398803333895,6.142433614666371,4.855952226713716
5.156731626885121,5.655362766172571,7.247851501665829,5.803205739939923,5.6262961417616415
4.665323934401113,5.476265651069897,5.016680257629588,5.199920961287887,6.09566582372972
5.680054301235449,7.355419881935902,6.859754029714526,5.514388885587522,5.268798360091518
7.102716379127834,7.323955245377554,4.249992701929877,6.074057946775135,5.799116221994743
6.517701215334535,7.549361338221932,5.613943718994646,4.356504351596497,6.461783530592117
7.108556094902998,5.757738516558707,5.437702302241003,5.65126682780234,6.678075327946446
5.6375478634762635,6.2622004718965005,6.022174020462655,5.9398815187599805,6.559310776940138
5.61831195721104,5.656588708690352,6.636122559317038,5.212884629154529,5.297986559916877
4.994845175699193,6.677122699651516,5.916068994148351,4.95233545281126,6.680949030990815
5.556931245130337,5.304799261423841,5.84393793768877,7.179345644235767,5.685000670109247
6.458857476143517,6.579877571196853,6.353529510087415,7.0137342799945745,5.436044589608898
5.167895612978283,5.152238398220992,5.884780228554838,5.244689579809863,6.1176702195331565
6.0614015742210405,6.812355994559089,6.232200101197928,5.668101005888832,6.327669901652392
5.178375984325046,5.969581161752182,6.254736213848663,6.103136343482244,6.3310322555566705
5.486345616952988,6.918794565953485,7.4532580664650245,4.721796880459833,5.0305083434853355
6.034360550902692,5.795389564687939,7.512470414418825,6.175287445769,7.110614700994641
4.365735615151147,6.649335161547336,5.429344578819985,5.416563354010129,5.801923797804562
4.863833308936643,6.353140490403668,6.1521033841942625,6.212299760698316,6.707445370829563
7.208103797563941,5.709924803556649,6.38070765499507,6.233670690790308,6.301163801259335
6.313113513952552,7.268494788035431,5.63338793731449,4.78316003059904,5.4434156701266785
6.603952932022317,6.018606286008452,5.627069425327746,5.141447153205693,6.176485194475686
6.514021459832037,6.243946112418364,5.797958171028393,6.116952727875619,6.112328320226457
6.1512914571215545,5.055465892010849,6.15737624705562,5.6486053765394,6.829938071219355
6.106008330550919,6.666330594032292,5.759316371193517,5.788081792301263,7.1917296020589
6.347996069441127,5.430143945670085,6.715375672914654,5.574666549995236,6.180003966958995
7.464826970986025,4.8584907695227,5.8598063610782845,6.3256141839353335,6.6098797938755105
5.010062602131212,4.775141242009801,6.869919496102308,5.425438183326181,5.392046931740512
7.236390754401812,6.0555905922822895,6.0608032638180935,5.856602213478034,5.023821686626292
6.538897363232348,6.326554392228043,6.134538583468623,5.907227375814953,5.766862513748807
6.727744727959995,5.887312708347979,5.948908567986313,6.422612569462797,6.165857781805069
7.309785752179849,4.595234279337558,6.239189074177029,5.437249058296381,5.248645491190747
5.63547164792449,6.043609178760295,6.07901184671744,4.789883068766178,5.568462386336979
6.224286276134004,5.300610269013314,5.1109119149286775,4.200637500730208,5.471074716316579
5.0831212948870315,5.215271229534404,5.7832116234330915,5.52161068619696,5.069875146741862
4.312525398340862,6.241106261269066,6.6004120646904765,5.683578824431027,5.788032457214997
6.002241507074928,7.259147769297217,4.749685643588128,5.669426626004712,4.626652538893023
6.2889645457745535,5.885186992634708,6.161894936060109,6.12212182592458,6.790132419765787
6.429184171889886,6.662365797163418,5.1501902808164,6.951605055486884,5.423884663151403
5.4697379591032735,6.216008598111031,6.240792793299973,5.145148124461051,5.861802316077621
7.186931639766967,4.828938472998014,7.184526189619578,5.8072350951378,4.135540027595182
4.9099726910413795,5.231585246781931,5.502389561864115,5.91648667495208,3.843858382392666
6.148984533135239,5.15851996458269,7.10900152505128,5.7845224511577475,6.751960351953457
6.885551041898058,6.863956978179819,5.548266274439923,5.538062976221018,5.820574122921796
6.507426656711823,5.592698569184873,5.9048830505924945,6.218202829469854,5.278309790514076
5.227892024121848,5.873777751312968,5.979406494952261,6.346042321675796,6.535858425818155
5.123450155334255,5.35232735779354,5.22578332107552,7.126487519448197,5.904079034258427
6.012863806305664,6.046077538839287,5.42922239965333,7.247572184394636,6.327811425963298
6.031575149370484,5.1185104926291265,5.073308890074526,5.753632964579514,5.441726454177071
5.1486672483457365,5.704145033071145,5.827389343888576,6.113079967727118,5.598102559663141
5.1963951324183935,5.224053770607837,6.967397893447062,5.001669435993802,6.289653494953984
6.414360531660543,5.903277594769125,7.409919667498779,6.400142464263819,7.469794401638719
5.4807484712756365,5.494401284287268,6.42073356121342,5.791469914651128,7.344390637815403
6.272520744572305,5.166907156698278,4.614814253901935,5.9376013593748125,5.928920473073734
6.25024181165033,6.965577776356811,6.860639247627931,5.538301541573929,4.968123409827182
5.015735343837525,5.412368967214275,5.707515825801083,6.243300169488251,5.361193910393317
6.223624650133341,6.288742579291743,6.114322908273668,5.099874643923347,6.373111923777728
7.6599019961881005,6.196113289795572,3.6447956638040035,6.989654800224134,5.4395284391617835
7.807003266545069,6.092804854563774,4.656378776553037,4.353314996895471,7.228009446854973
6.882006765652085,7.7753457509616535,6.008712746854245,5.954914987962509,5.694765311374323
5.474985234765178,5.687020561005483,6.173436355594286,5.326952845792421,4.668669988360156
6.127508488220827,5.309171775012853,3.41640916110358,6.440696247186158,5.1162752851226685
6.527805538366653,6.508711284033899,6.226175224833648,7.991319558043836,5.88989771523145
5.77219016617171,6.545258145010816,5.9557783452062445,6.9255434820452155,4.98807274672631
5.001337051099228,6.610765989078227,5.0710132043124165,6.485782321874728,6.2950931751134025
5.446115738022054,6.292833986278524,5.015359453234158,5.202536826246321,5.810832582660217
6.062948328569223,5.757835214284833,6.34542859948421,6.309818664952501,7.2197357723348805
5.924005839633959,6.952715686900598,6.734318175631816,7.82954549430714,5.898506258705221
5.664745849739635,7.003065206565124,6.307399044499747,7.022178319890777,6.571677854326371
4.319766669021336,6.300132794074,6.24820805681062,6.106158476562823,5.894530479622918
4.7301970953327235,6.697193669618523,6.29809638853574,6.87885783583298,4.772776323121831
6.404461555531773,5.812849091038471,6.114677118910696,5.822020598808735,6.433550690163404
5.870101684605127,5.1610526287482275,6.068927986639386,5.8291865999435455,5.93349000231978
3.4575833138516168,6.544431621027957,5.749042238765003,4.924789571831174,6.735784062795348
6.5075290232475576,5.738948073003273,5.081095391688703,6.141987163889108,6.09818239440267
6.737196324914577,5.646101852102201,6.953001768505635,5.569125006059381,4.9266412987446
5.096955829226315,5.950224114663237,5.947749362762617,6.261483353469777,5.927922825287199
6.779453528415756,5.791766232860577,4.407883865116261,5.9034201853821076,4.399507731391262
6.216445973591832,6.843156862098157,5.213443577495541,7.131359936695511,6.672194148339841
6.962219786737321,6.15118532426162,5.208227096480069,6.6227338684854375,5.501853927220369
6.094017961102213,5.863340217397936,6.896993292939125,6.5824671816887825,5.935745312575173
4.44350936968607,5.493378789008642,6.561647548168954,6.223399974245292,4.801115888514549
4.55916843241139,6.155926951575084,5.156951469177942,5.233723520858858,6.536433576998595
6.95883710785192,5.401282863115439,5.9643017305742045,5.940785092246419,5.86904016788563
6.032379029935669,6.603340414466202,5.4625163635914475,4.783525599331244,7.347855570269807
6.868860815608818,5.119801355751686,6.108172357393027,6.806078423170109,6.597394744806868
6.368475475170184,5.864236736435988,7.377599131609317,6.176144444815901,5.589297854210043
6.69472033856497,6.076610896215674,6.278978724190775,6.162020221015323,6.396199874901267
5.219639077151924,4.842680277724471,7.143782495641712,6.199054416883536,6.614783840037516
4.596516375384702,6.850725632557523,5.584092780798225,5.357006355182133,5.949457174599991
5.220018741793716,5.998618896224809,5.89126430749848,6.845711317514591,7.206957294384825
7.181572530503482,4.193951959542683,5.254164253314171,4.185680015612304,5.048098729503129
5.481981306055643,6.3274405368982585,5.585330895194917,5.607552965871091,6.144965148344843
4.6367520800919575,5.33118591202466,5.598391944592352,5.838575713440507,6.061374115215295
7.196832715534871,6.724437134981773,5.386442185245183,5.791578841371701,5.73725812661489
5.589941266272341,6.217343085691891,4.516745860421993,6.702407583581473,7.350679556026634
5.784790569216619,5.769219432100432,6.1252495379880205,6.813004136828282,5.74136182046957
6.744861417336455,6.38959550013367,7.883486644854808,5.7378779147599595,4.424054700887568
4.8571694536995995,6.009513282084099,6.819780155405461,5.479595911195252,5.815821444163478
6.546191522260963,5.230185508480524,5.512486377589905,5.068687769726907,6.939687552400194
7.229550339081288,4.7403486517878815,5.8866009524487195,7.122349526259166,6.317976547592869
5.609810680824693,4.766869244955375,6.91952284154504,6.287526381335393,4.8252300367159755
6.94898926514573,4.723609363173873,5.824152814043996,5.788958399105457,7.290728678888135
5.791804440419414,5.788936081517004,4.912886425485791,5.4892553222652385,5.348171736981942
5.389702268604363,6.005012178753262,4.058639694690452,4.795526459223545,5.911457675945491
6.096705822133501,5.8138273085384045,5.967464640769463,5.673711913971247,5.985241783469552
6.346247083070061,6.340657509766305,5.45052605070291,6.729827391867073,6.125300937475889
6.982743599190084,7.142777358622432,4.84936342141291,5.314888610855455,6.648839533752401
4.672176726449398,7.132652176696567,5.7257391672210565,6.458613564364152,5.907173443099374
4.889509497138489,6.841842194748532,8.193819861799973,5.5892587610175415,5.742905198518949
3.887229237772711,7.077881662372672,6.727172038894995,4.617551857281398,4.353165081074854
4.44540426034297,6.514550111279841,6.59416268198426,5.263601488138677,6.398181336648971
6.126711333619038,5.707086621012205,6.773773674996914,5.03901206162236,6.915211851948918
5.418972743819335,7.4208520865370655,5.198225231324008,5.719606154336594,6.04672576066712
6.041726290898533,6.391456828419085,4.974613003997858,5.970241750480031,6.110165973704527
5.579106080528293,6.3222541166352,4.926212117778202,5.739638990254379,5.399303283767391
5.742049930404494,7.154072982798227,7.169561479937864,7.0132117385283514,5.631329948146431
6.723864591408175,6.089613626318374,6.036359748301862,5.938300999752275,7.402413830122518
7.089315001044517,6.594086914469788,5.864177659301474,6.0315514053007995,6.423149674511317
5.583994470467027,6.748347118728228,5.265267422189436,6.31251218530778,4.173853421358066
5.560858055673156,7.657036826319778,6.826407259396492,7.224602093790432,5.467793449823452
6.082763298216779,7.022443930664512,6.504920425191011,6.405603148843549,7.300459214937482
5.170192439030707,5.8530622437273605,4.601041361140271,5.126605848410564,6.856709026120047
5.268374526247091,6.586612210543075,7.322713114034242,5.85808665644047,6.414613440537377
6.592823375965101,5.025805178966863,5.508352755271607,5.1995370394475104,5.5719402476674675
6.571129065070166,5.525305021434838,5.971963790395023,5.1685920483455146,6.978124396253801
5.565251350229928,7.214642458300311,6.0485935714953065,4.877857354080239,5.863598817727015
5.152389794656793,6.47003146273839,5.79155194592893,6.1301671942807365,5.705425017407348
5.557090640247001,5.22349459437829,6.666923738713678,5.861902958006555,5.749020484702075
5.841915895399229,5.45857853755806,5.751683853125853,6.16399861659816,5.17523128894959
5.290703555069507,7.099240812769776,5.71068607132798,5.5601065450156995,4.9282046257455985
6.678451983846411,5.157853772789741,5.9878034454997575,4.637648977707192,6.652527978970198
6.938593443640677,6.386425803527088,4.776186132721337,6.668948865518661,5.340153607651008
5.0660995903150265,5.694173332221893,5.678296940996378,5.59720199022794,7.01580996396087
7.604517714245917,4.908054756582831,5.4506265547842805,6.113847934298623,5.689981888776095
6.318537671447829,6.7305376967012425,6.597651551849381,6.486288730891902,7.32319999724075
4.732746238019635,7.180450386813575,5.670621418599778,6.626171113556939,5.178796920828902
5.2754350740576905,6.528067002300384,4.461754896809083,6.789122590443257,7.00487505499239
6.141791063341259,6.113060519735722,5.335139339035063,6.537902390879121,6.277277979047278
5.265059834047339,5.687777911310769,5.872923149475465,5.6867233629428275,4.91301956057096
6.557498744783961,5.805789943668306,6.012254069258388,5.538807538685583,6.379049430921087
6.158468748369276,6.967247684124537,6.383298132998541,5.838350476768851,5.4100440399382626
6.690634490010516,5.7746334141585365,5.8630478590404795,5.862845251462188,5.679700586896413
5.876748508955534,7.5362333328945095,5.164316869252976,5.350397878938949,7.1040582312382945
5.70107739170149,5.640610155156114,6.825348411324785,4.8673329454673,6.655145219076329
6.036381063291003,6.370699679722736,6.355728860283904,5.499156892280423,6.838364251759787
5.561241526403328,6.3260746677871325,6.987138483098953,7.099733380282205,5.78695526416483
6.369370289938509,5.7132922365182335,7.99688512158532,6.622184024851949,6.067040215988189
6.249281769399015,6.324684069001832,6.348321748008372,5.808591104657033,5.68550702796745
5.878890416323885,5.091046873456818,6.572854715923674,5.360605765704828,5.154644248083789
5.988551695861643,5.89622160925902,6.199094225444038,5.546831792541566,5.686930435638713
6.551995057352501,6.503422851440491,6.470171566156664,6.027090631011312,6.1347230535606885
6.183784918793385,5.476778511327765,7.175615528251693,7.0619986966975805,6.633445000947482
5.660357078392233,6.429990610178089,6.780292082423164,5.024447889483136,7.351445971694814
4.612763609291122,6.561953430009878,7.159055111279722,5.909827027195117,5.879998173148974
6.532488182777098,7.476955415405319,5.775836476526492,5.3771546636752285,5.662020857376346
4.761803353449743,6.716000516018652,5.589996666644362,5.833840568786623,6.725461954063099
5.69939781409171,6.6054072212349775,5.172079794041088,6.764619956426456,6.272683951882574
5.929354415186897,6.104393183335248,4.973752553686516,6.086135235910594,5.8870122562388465
4.9955483541224455,5.464788499616449,5.896921350935028,5.515658376919822,4.076235471518991
6.858465333358792,5.8866772166183905,4.186426958154034,7.702724719747808,6.990063747780908
5.721671812630349,5.3280720343131485,6.3215623225057405,6.161364332264616,6.432340017772129
5.330366739439764,6.8755203764973105,5.622393604117385,6.542939948534904,5.36440668186892
8.112008664033798,6.554709769164784,8.300299224657236,6.660048152130507,5.55220803980739
6.661466835363638,6.718249523021889,6.297742053269786,6.502765095038652,6.607510129960269
5.207496678687595,5.150729647308451,5.366577802709875,6.101720542157563,5.822011397321991
5.221940536960884,6.618346411213023,6.225740411266965,6.134728132345198,5.794242438973583
5.698346829524883,5.329002232272279,6.744698021861976,5.438934185931405,6.166997898226247
7.325524735635557,5.73501016589301,6.766201254792206,6.453569887303435,6.248408770713299
6.343221381747364,5.924307931271005,6.0277353300224785,5.562855564592301,6.0330638362159075
5.533257111334576,6.802053166683515,4.644577744570508,6.383660678643162,6.268442363189759
6.1962083068842535,6.817081951713349,5.771804137385975,6.203719471345185,4.630984055425072
5.668766933328395,6.682486589284604,4.931960949551301,6.127402202088762,5.4596510108409975
5.911483119030598,5.507375650696748,5.005307892552865,6.307854236750991,5.960444450276188
6.488598057952884,6.6335983820204065,6.97719651285457,6.106461417666594,7.011779801155732
5.221777884873346,6.724934537138571,6.366383604773082,6.185901410301818,6.354693074387477
5.233769445379586,5.045542974696942,7.363661478541664,5.865436810050984,5.85405487979651
5.120860809469267,4.818218104369358,5.929561897595906,5.72756894880455,6.001383224056656
6.069509013929038,7.985452226420959,5.729967910870374,7.2600701527494955,7.309584896963775
6.601047763446227,5.812476642449289,4.914167286513124,6.381180787480445,6.812546429093977
7.3938558803624375,5.242367695778385,5.805777236189894,5.247227415362552,5.4947740698016325
6.529877618486987,5.45822524525165,5.342608303259792,6.635638461668314,6.3594835609050975
6.2791489762357475,5.479294266258631,7.031241647387163,6.01155655525062,7.89830395255775
6.128536948179962,4.139054792829338,4.103542043612182,6.497626900270704,7.037199990644178
5.374863372075462,7.675620885770636,7.326313139355669,6.167920094588608,6.430237708460237
6.713426301412771,7.507352175559603,6.544032756363063,6.149883571277911,6.5361891051929675
6.428567923887071,6.737256861843326,4.747838933397208,6.251906703881202,6.367221097686585
5.941901252804905,6.6254064481168395,7.5322137623678,6.110234103576288,6.5516772967818
7.2810651947388685,6.128854638639465,5.291412403875348,6.49111010254694,4.244076613189033
4.166953487642138,6.265591422717541,4.129785316578104,4.951097190481591,5.696855056356694
5.424639449653859,5.882117959683664,6.887561776056074,6.190198698604041,5.330605899832079
7.08022497871455,4.860424931769687,6.176961636321129,4.771715231467612,6.201234376174653
5.745880948603976,6.86313125645212,6.574780833454968,5.531731143460247,5.378762152279578
5.7486968103876706,7.495848864305595,7.291276712354199,5.227764499359349,6.638214106230834
4.619109006653594,5.643225157458901,5.260227555512996,6.852796332380614,4.970597294075118
6.3424252691679825,6.000566352474753,5.860072016296394,7.333159259321328,7.403434154743872
5.88484052028985,5.724116880415838,4.79820375250173,5.996603274596241,7.557843312831475
5.897328032798434,6.581216855380612,4.885435810152248,5.653248303928315,6.3688359613090775
6.084429813135431,6.657707649051866,5.519343265092398,4.60430890579997,6.89491519381791
5.253380699687796,6.404038489249356,6.359577731945616,4.6730853074359295,6.836722618856598
5.548138307418343,6.043908427659942,5.714334008093654,7.2940864731448665,7.0714911934525935
4.554585262869401,7.80151172960756,5.459021222542425,7.676783627044598,5.795661852573295
5.728104271952886,5.802745501027743,5.680353029440405,8.013314754795163,5.939097065927618
5.7589056002759005,6.061419389551292,5.228508597749639,7.273772281293658,4.8267497963884525
5.51030174155838,6.747026861188642,6.033777644872153,6.4380227170800755,7.222764288968229
6.800574885072012,6.109643294926498,7.666340577537277,5.498874911136797,5.9199987493119215
5.975722527092268,5.918314238811318,5.147258539064405,4.736971188300811,6.332736189753174
5.49477742497427,7.5215595199223335,5.942144378853187,5.7994265064169745,6.872783021887562
6.320765917363251,5.860017306396692,5.488988888111768,8.917174421805484,6.2885396974377334
6.864879204186732,5.184156974397683,5.539031808550097,7.6846866490289685,7.114112473811164
6.364973299464706,5.695680811257279,5.8133464114016125,5.460772624755559,5.077362929893969
6.736805450108984,6.429741062839129,6.587054497750161,5.7313093724133735,6.203883071785592
5.655426525228188,5.419940555250641,7.329553954603327,6.096907292447679,6.40471664865223
6.66654975249234,6.106903368767679,6.191914957406196,5.1333697107748115,5.285309743650343
5.244076989204658,6.482879114170718,6.056538342992182,5.285376310313348,6.462653762831904
6.433429889097829,5.445734747532822,5.977806336939382,6.436369005763444,5.315424707088122
6.4515901853153235,6.240079264380039,5.203095282404846,6.175297344532513,6.291620465942772
5.500737192081393,5.563517763225934,5.1957417562757495,5.641904021067764,5.990364077308681
5.56572017114335,4.815738070481957,5.450821450115117,5.667191606739957,6.651463984263165
6.474350586610865,6.666922256921456,5.410600661541288,6.112892831139332,4.067516257885087
6.342082455490546,6.4872171555088105,5.719563813368968,6.235617974448146,4.791782768554294
5.361114639801387,6.610478671909168,6.407746466808539,5.671528323109495,6.647096326048793
6.110298693149747,5.597862106395976,5.854187360621825,5.636784814202406,5.055887792410879
7.002260951184021,5.5469760968622355,5.3361565497745245,4.7802789725080945,3.897702313615369
6.559473907472716,6.632937042657089,6.951499556197168,5.881134738622026,5.743197118035591
5.595068991718236,5.667777383699421,6.8930809409865965,5.9788529493313645,6.3015277118875845
5.64748055102567,7.053432984315347,4.480888864906805,5.0265795041602495,6.302835465640294
7.3961873273663565,5.820472914341555,5.328173071556353,6.798071522711626,6.258163422286567
7.029000977306216,4.970889541774656,6.96635770341757,4.765038614903033,5.770170325825724
6.329211989611584,6.148353665244867,6.845867979480449,4.5431601140563,6.112459526528803
6.956766089989591,6.0472896949626485,5.0889349997899025,6.803530456953821,5.482944690737432
5.342566962821748,5.242225893722591,5.8415400815740215,6.145998394931472,4.987838151747621
5.15169669051123,5.446120052861563,5.238355501346874,6.029316265793917,6.28808975091198
6.178548987319799,6.17971186758678,7.332687723629983,6.337905883530336,6.625245187853226
5.669326116523578,6.752885478632653,5.631253987191507,6.328147728123652,4.906275971868659
6.132578866143925,5.22209233391861,6.746528671684769,6.698549129623084,5.627844599575334
7.634624110369064,5.771999769775341,4.714345631082484,5.378619926800466,5.167252650325422
6.302748994077032,5.014744881850955,5.569953643276986,6.250868877613264,6.110576060984361
5.989916016139637,6.100490830304345,5.704510245601738,4.720938795340636,5.683504460127016
6.373848103072903,5.890788460178784,6.312228806427553,5.532015310006109,6.793025767088738
3.9612266126127316,6.112804889139936,7.075790060960172,7.194478947899847,5.8151086645499905
4.9422999617800425,7.089820832145914,5.958635299951889,5.873214958830904,5.287910042882354
5.003161005277093,6.449705115924406,6.534251280840632,6.160740005178875,5.390640645249685
5.15061765601981,4.857720129589374,5.552941126000678,5.197788543626099,4.6367520401484255
6.519475646628566,4.947989868051887,6.784720634187797,6.314289128721011,6.234749749929166
7.328155550640131,4.9745171267154245,6.696870727563584,5.762617253295724,8.05053897214553
5.696300072009492,5.567485789807171,6.339383072895548,5.833386465241734,5.395093183624502
5.2261625556586715,7.162980763121487,5.0720893349972,6.177921919237226,6.842352253391801
6.880882229662067,5.52015634611258,5.835558758263748,5.680828479878944,4.7757565511369595
6.428693219143159,6.0307083125445935,7.148928528009511,5.343458547899655,6.8682823051444135
6.924539066688048,6.037541693693312,4.268644578737218,5.591205259513928,7.424308990624947
6.236914747259728,6.553016072509071,5.928885818154731,5.821794674275019,4.510712435182162
6.633838688945253,6.861092172871139,5.24164645275615,5.857355352177015,5.7497778445575145
6.335090313024988,5.565846643265303,6.742784421660539,6.056884208117689,3.9667255214786388
6.353088450620725,6.794632742604297,5.081181302425142,6.32597730052985,7.4594715008495385
6.089377751586252,6.910498094343197,5.647362404382468,5.985672707727061,5.836805726852035
5.691254818896163,5.882185318939341,4.699461181823056,5.736108869331231,7.066958156301979
5.231415753650881,5.149712886278104,6.0488194975149705,6.088673336241646,6.301044339468675
5.909288598621102,6.057314760370314,5.720154309596151,4.982497723677265,5.943061916109991
6.577897252812676,6.4107782050972215,4.6088919242733954,6.200921306719375,5.287977925770079
7.110310638923566,6.26021417719894,6.714824986637482,6.016882505122916,5.947318298882257
7.19300062350487,6.775829397825476,6.093997341540831,5.840757442122672,4.638454770307812
6.258856561201385,5.8994266636538235,6.441803760379286,6.6841474010626385,6.983307572706971
6.2687663327054475,5.165482549309189,4.285830050901579,5.342266410107827,7.063514400839042
7.45431283293923,5.810263923857717,4.834822192658555,5.482862300671513,6.907449054301424
5.528641588311446,6.469851672853641,6.134432491077322,6.566258119892912,7.449941922244976
6.470376079592492,6.117172046088198,7.537960813457563,6.278782827193323,5.367590284554809
6.548283120565491,6.356865029559894,5.754434646284244,5.5872028737588515,5.762125237627466
5.575795373138879,5.788045120396286,5.32783348053237,6.307974963385061,6.248196425449546
6.275313256481051,5.950257770737191,5.858305916134458,7.150061610930357,6.053759092320584
7.0079083850980215,5.205315420630263,6.4698946496808105,5.414042745686888,5.556444929960856
5.671487386119008,5.621486921018957,5.625470099625991,6.970829211021879,6.036217362645069
6.179491347319224,5.635395277196261,6.683445931845268,6.283172644650146,5.753616126258627
4.736465492239991,6.172505723481118,6.4591291658772025,5.219326771341916,5.7644100935002305
6.428408590758512,4.747117345180563,5.482512491612493,6.30060108307905,6.881299706257344
7.743253360097546,7.562111374191527,6.114662342345659,5.613808246624868,6.736229690675184
5.566461275977348,5.392196250172345,5.7565372008097055,5.656519529815797,6.329090659589958
5.519558810993512,6.067888499824987,7.272043939536836,6.097412469919858,7.209667174765866
6.958691811989196,6.472177538719662,5.717547926107548,6.829849840106904,5.800634256749247
5.998397213727238,6.263347636851317,5.995719210035412,5.425555532519855,4.782072970113542
6.76494974204779,6.454872363345363,4.627738769819918,5.404404986700938,6.142812377306105
6.352970476760459,4.788967933418537,5.928828327342333,6.430397737771696,5.719654227596625
6.2040351419397695,5.61115641574492,6.725123173976863,5.362535284408381,5.089143509964593
6.023070417564149,4.856701414319314,4.321083335399509,6.864325486575863,5.215038667235021
4.936355533395229,5.3525874804216,5.31678429672893,5.886660000796555,5.127897324324054
6.397324863907351,6.515399499174552,4.983139510254825,5.50704137316552,5.582839366480757
5.868399536161962,6.863486645959507,6.909448966957973,7.992954158930284,4.190076738239634
5.262834428215511,7.4467503004664275,4.563864090120092,7.428610889537092,6.117518974500322
6.146853801775257,4.979306091572567,5.640177937956293,7.3936077610919995,5.961970649896852
5.645492917384762,6.323578499706829,5.846698200927513,6.275272878934873,5.322294759890583
5.938467446184914,5.488714120455206,4.561259057184147,6.384382053182067,5.0160131228387455
5.868612026546642,6.738579234814009,4.805429382111296,6.482261560788068,5.760885880028321
5.229156039954319,7.613368282007321,5.999556330222111,5.546921500032905,5.377746655508949
6.702764946986139,5.511858849019967,6.603355703924233,5.998022228079125,6.890207962806313
5.168529975134884,5.279768246967696,5.775886182524862,5.8420334539671455,5.7172255283206965
8.098686840688567,7.645528178481248,6.238509277608485,6.332553153375508,5.811435172909454
5.162719008315812,5.854789561443229,6.614999554721993,7.041293467145603,6.794120267745563
4.7958901007529935,5.769328493682638,4.828514975014659,6.932202981943305,5.671105718036394
5.962427657668295,6.382860724587764,8.206115493720107,6.213960796779488,5.809968604825714
5.01021555983589,7.163327662511329,5.8551371117417785,7.321642351131366,6.881773984412964
5.630772607140467,4.889599896185825,6.217385587860422,5.5095880030326,6.031380000713134
6.836662156815161,4.681197180485907,6.211040915562731,6.605810614886666,6.6445029111362315
4.912516504081296,6.334438860602953,6.959872160329419,6.2737437087673795,5.907728897297774
6.908890308489518,5.446250902089371,4.779892492994487,5.840014619522349,6.426721540296813
6.828596727874911,6.423098607538935,6.666603231631536,6.833680800164253,5.729332248725321
5.882012047282603,7.026571646339046,5.034847752325167,6.34225190413837,5.428393899876419
6.877505925368456,5.985695683251329,6.006056489903493,7.378856029316936,5.14180962768914
6.172125307293367,5.856341667392666,6.424620911235147,7.538724238257305,5.517293878402473
5.045023852029545,5.35452658757367,5.814317571310457,6.0512268509602745,6.091341637873136
7.437699599296764,7.295878984841149,7.0391558346095175,8.005372900524566,6.657253944593624
6.883960823806394,6.641839085768223,6.511149538257691,6.314548181904078,5.68348944704171
5.005640752267022,5.895797843348812,6.4512288463234215,6.057631972338994,5.150348988503309
5.8677011368467715,5.826133388898684,5.9502694925996185,6.391526093678501,6.5632711442514875
5.601187472205962,6.78248632275936,6.902530046005164,6.2554545603806435,6.530166917409602
6.784966884382858,5.124581207663235,6.841193579236462,5.3698924918668265,5.447540667720431
6.156549049187294,4.290035834221236,6.140064745175688,6.783012508877599,4.6873049793609605
6.868531749417421,5.442686835538664,6.164981162281454,5.558500534233183,6.456927119059716
6.817439735317945,6.5160185785391445,5.996824862141657,5.620484913539898,5.944728652499887
6.523165441458995,6.550517125725627,6.439307877590758,4.9770892766267405,5.981638599734557
5.49481317193042,6.5303094765857415,5.389902142946725,6.360532304443886,5.774943130384579
4.501340017400577,6.742480049512383,5.979832353545222,7.017646743630813,4.671844423345975
5.76749922295745,5.82740817173791,6.215501132582629,4.943106159293367,6.433893577256399
7.524632945373796,6.3784639326768495,6.0740697327472075,4.901418505328232,5.382505442028803
5.955461290996892,5.577480491075737,6.81848361549267,6.425651244997394,8.1472876605505
5.217723232927113,6.026410326078079,4.896605360910652,4.2275079465132634,6.57640104861962
6.396072115852523,5.318427392210412,6.07419512067701,5.498132039618554,5.6058483103357
5.744559253289013,5.284950730498117,5.4284408903890755,5.450943139776249,6.337264058519662
3.7874401546371503,5.818455878898622,5.132526947432401,5.161341529786989,5.580768837980107
5.9885634648772985,5.82899732339618,5.151366002815518,6.575583996927716,5.28013452036733
5.414040178183785,6.226894428659515,6.255507701662157,5.512143225198612,3.6582845646091138
5.293782953473212,6.129112787591439,6.549194523915959,5.93675750690673,5.617988037350938
7.828934354986197,5.702926306090636,6.488281885676844,4.935238564199221,5.130544277362884
6.516270001636709,6.8330825198484,5.689184027365271,4.525633568880562,5.866365819063593
6.151059347836685,6.078811633922966,5.550672523840814,5.878068342881135,5.402020736131014
5.113261222135529,6.602678129032906,6.077998358981091,5.8798233845856185,5.595527874450065
5.856303843567781,6.1278592434575465,7.378697867305196,6.5220212742212285,5.468589832708506
5.477000225967858,5.352649430869121,5.840076256577702,5.352035043695957,6.378692347811188
3.8916821495372416,6.4268197318519205,6.219625384138411,7.0070914116448755,6.699277360186812
5.454721626238756,6.609560574323241,5.865958962228443,4.457307211163965,6.126675299620185
5.502131062400331,6.000176668848902,7.317102230287542,6.179277217812066,5.18863172414492
6.769162424151975,6.289143284250601,5.0946596443041665,4.71895633332055,5.220531283850012
6.666986636024316,5.759459333490906,6.064714646929062,4.9324650483681305,6.688454242839996
4.392804401256181,5.477308258314339,6.333742916090674,5.104653164180101,6.489794499851229
5.306780438185026,5.022155997303786,7.026024748378673,6.122765945972153,6.41395358397592
6.812065913313875,3.910996492335158,6.506266442688952,5.393049701282519,5.498127898896298
6.348878063656771,5.710459377222976,6.474156114270951,5.9674259776949885,6.13415391998794
5.609027207280747,5.150669923757927,5.409564913400923,5.917993335855718,7.465276595347699
7.173908625927704,5.478968374514242,6.048058087961002,5.77052855997076,6.1038932283009855
6.206494046011455,6.420715901279345,3.6862171106532866,6.292298440671761,5.681843330837197
5.437781710332704,6.633453843435064,7.169855526258977,6.549509625454875,5.5864328023436896
5.141839239909727,3.602390839573473,6.145564353063267,6.461790236050561,5.918759471904349
6.744702740366071,4.947091536090439,5.863429571202011,5.8003742250762915,5.912183591079167
6.931475706920898,5.916383819443203,5.764890348307029,5.2529466843394035,7.0595992399186605
4.858559489861559,5.55895918059486,7.350987628046197,6.373444158521258,5.98390825293733
6.017300346755571,5.24522287326387,5.9453465764550275,5.720966953766934,6.143261529734865
4.798707746375098,6.317304078604684,6.810805867439575,5.837442296000151,6.516088785389571
6.247514495000491,5.515301113377107,5.155780262354714,5.267545701607671,6.233594414432819
5.955221843738858,7.01694149719617,6.630752911505581,6.629089931433846,6.209818248383151
5.232604976004222,6.259472073854901,6.050925643957088,5.09209190718515,6.964986545620239
6.879123160465295,5.0874918739480375,5.4913311463691254,5.561391059363002,6.486382821783269
6.394564598094248,6.035416661123769,6.218412953382939,4.973057972069427,6.304152015407466
5.91953957625647,5.458433871975144,4.777760368907567,6.021502681034068,6.284690861818871
4.6421975787917376,6.014743436006638,6.097491456802302,5.557978114751832,6.302937294461869
5.894196020278091,6.225841049388179,6.42608489456609,6.426531497324769,6.810958053444019
6.269828881593306,5.619539502746837,5.483359592849212,5.1519655612825295,6.120572264120731
7.053802891477389,5.714118637973174,6.358581904795597,5.4000243582437495,6.155365293892267
7.004383470018345,6.547312258377939,4.747209879294202,6.45515364816664,6.491466548199282
6.1383633188088735,6.532377579559878,5.335246293689578,6.050455085440652,6.885411440790169
6.813453557490319,6.437089425502461,5.295773352065787,5.17018541666044,6.091353504241499
6.144175226300791,5.919949196941541,5.358149384708794,6.348495241208514,6.087861601246344
